{
    "acc": 0.9275,
    "ap": 0.9998004925494425,
    "r_acc": 0.855,
    "f_acc": 1.0,
    "precision": 0.8733624454148472,
    "recall": 1.0,
    "f1": 0.9324009324009325,
    "auc": 0.9998,
    "confusion_matrix": [
        [
            171,
            29
        ],
        [
            0,
            200
        ]
    ]
}